id;first_name;last_name;device_registration_id;phone_number;location
1;Theodora;Hane;Georgia;Tasty Plastic Pizza scale;South Georgia and the South Sandwich Islands
2;Kyler;Hermiston;mission-critical Faroe Islands Plastic;Car Industrial deliverables;orange Books
3;Raven;Dooley;monitor 1080p Checking Account;world-class Frozen IB;Highway Ergonomic
4;Gabriel;Hagenes;moratorium pixel withdrawal;Mississippi embrace Developer;synthesize Idaho compress
5;Jeremie;Bauch;system Small;Intelligent Outdoors;Harbor Montana
6;Maureen;Upton;Phased;Saint Lucia white;Generic neutral Salad
7;Toby;Mueller;modular Refined Squares;maroon;EXE projection Fresh
8;Fleta;Halvorson;Gorgeous Profit-focused synergies;cutting-edge ability Hat;supply-chains magenta
9;Blanca;Gleichner;User-centric Gloves;Mauritania;facilitate Tasty Concrete Chips Exclusive
10;Mauricio;Kunze;capability zero tolerance Computers;Analyst paradigms;encompassing
