id;location;device_registration_id;date
1;Synergistic Personal Loan Account Sleek;Borders;2019-09-05
2;deposit;extend Unbranded Fresh Pants Tools;2019-09-05
3;interfaces;Garden Dale Wallis and Futuna;2019-09-05
4;Utah Computers Small Fresh Gloves;Brunei Darussalam interface;2019-09-05
5;composite Orchestrator Club;Intelligent Granite Shirt Peru deposit;2019-09-05
6;Strategist;card Licensed Cotton Ball;2019-09-05
7;bypass Ameliorated;Brand;2019-09-05
8;Saudi Riyal paradigms;Corporate;2019-09-05
9;Optimized;microchip;2019-09-05
10;motivating Operations alarm;e-markets system;2019-09-05
