id;pro_id;image;image_content_type
1;37454;../fake-data/blob/hipster.png;image/png
2;79654;../fake-data/blob/hipster.png;image/png
3;95071;../fake-data/blob/hipster.png;image/png
4;18343;../fake-data/blob/hipster.png;image/png
5;73199;../fake-data/blob/hipster.png;image/png
6;77969;../fake-data/blob/hipster.png;image/png
7;59865;../fake-data/blob/hipster.png;image/png
8;59685;../fake-data/blob/hipster.png;image/png
9;15601;../fake-data/blob/hipster.png;image/png
10;44583;../fake-data/blob/hipster.png;image/png
