id;first_name;last_name;creation_date;up;active;address;lat;lng;phone_number;hourly_rate;on_mobility;user_id
1;Garnett;Schinner;2021-03-15;false;true;Home Loan Account Table Computer;5808;45924;seamless Metal deposit;5641;true;72199
2;Riley;Wehner;2021-03-16;false;false;Soap methodology Albania;43194;2306;Namibia;39986;false;4666
3;Elaina;Wiza;2021-03-16;false;false;bluetooth;19967;38246;Planner Canyon;85994;true;68030
4;Cecile;Kirlin;2021-03-16;false;true;Planner cross-platform access;9767;23089;Monitored Bahamian Dollar Investment Account;83319;false;17336
5;Sylvia;Hudson;2021-03-16;false;true;hardware Costa Rica Mayotte;18485;3131;synthesizing Views e-enable;92665;true;72727
6;Theodora;Hane;2021-03-16;true;false;Tasty Plastic Pizza scale;27134;53969;Louisiana Specialist Home Loan Account;27599;false;29627
7;Princess;Cummerata;2021-03-16;false;true;index orange;552;1407;magenta monitor 1080p;60595;false;92630
8;Florida;O'Conner;2021-03-16;true;true;Investment Account archive Fantastic Plastic Chicken;32518;66592;New York tangible Mississippi;38292;false;97171
9;Meta;Stanton;2021-03-15;true;true;compress;49379;4043;system Small;43933;false;20171
10;Alexandrea;Tremblay;2021-03-16;false;false;Buckinghamshire Corporate;24929;60441;Saint Lucia white;94285;false;59886
