id;location;device_registration_id;jhi_date
1;Synergistic Personal Loan Account Sleek;Borders;2019-09-05T01:05:20
2;deposit;extend Unbranded Fresh Pants Tools;2019-09-05T06:21:18
3;interfaces;Garden Dale Wallis and Futuna;2019-09-05T13:22:15
4;Utah Computers Small Fresh Gloves;Brunei Darussalam interface;2019-09-05T00:22:45
5;composite Orchestrator Club;Intelligent Granite Shirt Peru deposit;2019-09-05T02:49:18
6;Strategist;card Licensed Cotton Ball;2019-09-05T09:50:36
7;bypass Ameliorated;Brand;2019-09-05T00:11:04
8;Saudi Riyal paradigms;Corporate;2019-09-05T09:37:53
9;Optimized;microchip;2019-09-05T04:24:11
10;motivating Operations alarm;e-markets system;2019-09-05T19:06:09
