id;jhi_date;message;event
1;2019-09-05T02:11:28;neural back-end Unbranded;AVAILABLE
2;2019-09-05T18:54:25;circuit Guam;AVAILABLE
3;2019-09-05T05:24:38;Refined Practical Algerian Dinar;AVAILABLE
4;2019-09-04T22:50:33;Steel Avon Visionary;AVAILABLE
5;2019-09-05T00:44:27;Interactions;AVAILABLE
6;2019-09-05T08:41:16;mesh system Triple-buffered;AVAILABLE
7;2019-09-05T08:25:30;Tools;AVAILABLE
8;2019-09-05T01:50:07;quantifying;AVAILABLE
9;2019-09-05T11:15:03;asymmetric EXE;AVAILABLE
10;2019-09-05T00:59:50;Strategist;AVAILABLE
