id;first_name;last_name;creation_date;up;active
1;Lenny;Parisian;2019-09-05T16:09:18;false;false
2;Adonis;White;2019-09-04T21:38:06;true;true
3;Raheem;Hoppe;2019-09-05T12:56:13;false;false
4;Dariana;Paucek;2019-09-05T14:27:47;false;true
5;Bonita;Monahan;2019-09-05T08:21:48;true;false
6;Chadd;Vandervort;2019-09-05T10:51:44;false;false
7;Makayla;Roob;2019-09-05T12:46:00;false;true
8;Cordell;Lockman;2019-09-05T06:37:22;false;false
9;Wade;Spinka;2019-09-05T01:38:41;false;true
10;Golda;Tremblay;2019-09-04T22:00:29;true;true
