id;jhi_value;jhi_date;jhi_comment
1;62894;2019-09-04T21:46:06;Handmade Cotton Bacon Specialist China
2;42347;2019-09-05T02:13:59;multi-byte Producer
3;41261;2019-09-05T17:11:00;Robust Louisiana
4;86711;2019-09-04T21:54:35;SSL bandwidth
5;75087;2019-09-05T02:29:24;Configurable iterate Liechtenstein
6;49656;2019-09-05T00:24:47;encoding Direct
7;38920;2019-09-05T18:57:51;Interactions
8;84714;2019-09-05T18:03:25;time-frame Quality
9;95060;2019-09-05T08:40:03;Borders Practical
10;9170;2019-09-05T13:12:39;knowledge user Danish Krone
